verse_part_type,verse_part,hebrew_id,bible_chapter,bible_verse,lit_type,testament_type,bible_book,version
PHRASE,The oracle,H4853,1,Habakkuk 1:1,Minor Prophets,Old Testament,Habakkuk,NIV
WORD,which,H834,1,Habakkuk 1:1,Minor Prophets,Old Testament,Habakkuk,NIV
WORD,Habakkuk,H2265,1,Habakkuk 1:1,Minor Prophets,Old Testament,Habakkuk,NIV
PHRASE,the prophet,H5030,1,Habakkuk 1:1,Minor Prophets,Old Testament,Habakkuk,NIV
WORD,saw.,H2372,1,Habakkuk 1:1,Minor Prophets,Old Testament,Habakkuk,NIV
WORD,How,H5704,1,Habakkuk 1:2,Minor Prophets,Old Testament,Habakkuk,NIV
WORD,"long,",H575,1,Habakkuk 1:2,Minor Prophets,Old Testament,Habakkuk,NIV
PHRASE,"O LORD,",H3068,1,Habakkuk 1:2,Minor Prophets,Old Testament,Habakkuk,NIV
PHRASE,"will I call for help,",H7768,1,Habakkuk 1:2,Minor Prophets,Old Testament,Habakkuk,NIV
WORD,And,H3808,1,Habakkuk 1:2,Minor Prophets,Old Testament,Habakkuk,NIV
PHRASE,You will,H8085,1,Habakkuk 1:2,Minor Prophets,Old Testament,Habakkuk,NIV
WORD,not,H3808,1,Habakkuk 1:2,Minor Prophets,Old Testament,Habakkuk,NIV
WORD,hear?,H8085,1,Habakkuk 1:2,Minor Prophets,Old Testament,Habakkuk,NIV
PHRASE,I cry out,H2199,1,Habakkuk 1:2,Minor Prophets,Old Testament,Habakkuk,NIV
PHRASE,"to You,",H413,1,Habakkuk 1:2,Minor Prophets,Old Testament,Habakkuk,NIV
WORD,“Violence!”,H2555,1,Habakkuk 1:2,Minor Prophets,Old Testament,Habakkuk,NIV
WORD,Yet,H3808,1,Habakkuk 1:2,Minor Prophets,Old Testament,Habakkuk,NIV
PHRASE,You do,H3467,1,Habakkuk 1:2,Minor Prophets,Old Testament,Habakkuk,NIV
WORD,not,H3808,1,Habakkuk 1:2,Minor Prophets,Old Testament,Habakkuk,NIV
WORD,save.,H3467,1,Habakkuk 1:2,Minor Prophets,Old Testament,Habakkuk,NIV
WORD,Why,H4100,1,Habakkuk 1:3,Minor Prophets,Old Testament,Habakkuk,NIV
PHRASE,do You make me see,H7200,1,Habakkuk 1:3,Minor Prophets,Old Testament,Habakkuk,NIV
WORD,"iniquity,",H205,1,Habakkuk 1:3,Minor Prophets,Old Testament,Habakkuk,NIV
WORD,And,H5999,1,Habakkuk 1:3,Minor Prophets,Old Testament,Habakkuk,NIV
WORD,cause,H5027,1,Habakkuk 1:3,Minor Prophets,Old Testament,Habakkuk,NIV
WORD,[me],,1,Habakkuk 1:3,Minor Prophets,Old Testament,Habakkuk,NIV
PHRASE,to look on,H5027,1,Habakkuk 1:3,Minor Prophets,Old Testament,Habakkuk,NIV
WORD,wickedness?,H5999,1,Habakkuk 1:3,Minor Prophets,Old Testament,Habakkuk,NIV
PHRASE,"Yes, destruction",H7701,1,Habakkuk 1:3,Minor Prophets,Old Testament,Habakkuk,NIV
PHRASE,and violence,H2555,1,Habakkuk 1:3,Minor Prophets,Old Testament,Habakkuk,NIV
WORD,are,,1,Habakkuk 1:3,Minor Prophets,Old Testament,Habakkuk,NIV
PHRASE,before me;,H5048,1,Habakkuk 1:3,Minor Prophets,Old Testament,Habakkuk,NIV
WORD,Strife,H7379,1,Habakkuk 1:3,Minor Prophets,Old Testament,Habakkuk,NIV
WORD,exists,H1961,1,Habakkuk 1:3,Minor Prophets,Old Testament,Habakkuk,NIV
PHRASE,and contention,H4066,1,Habakkuk 1:3,Minor Prophets,Old Testament,Habakkuk,NIV
WORD,arises.,H5375,1,Habakkuk 1:3,Minor Prophets,Old Testament,Habakkuk,NIV
WORD,Therefore,H5921,1,Habakkuk 1:4,Minor Prophets,Old Testament,Habakkuk,NIV
PHRASE,the law,H8451,1,Habakkuk 1:4,Minor Prophets,Old Testament,Habakkuk,NIV
PHRASE,is ignored,H6313,1,Habakkuk 1:4,Minor Prophets,Old Testament,Habakkuk,NIV
WORD,And,H3808,1,Habakkuk 1:4,Minor Prophets,Old Testament,Habakkuk,NIV
WORD,justice,H4941,1,Habakkuk 1:4,Minor Prophets,Old Testament,Habakkuk,NIV
WORD,is,H3318,1,Habakkuk 1:4,Minor Prophets,Old Testament,Habakkuk,NIV
WORD,never,H3808,1,Habakkuk 1:4,Minor Prophets,Old Testament,Habakkuk,NIV
WORD,,H5331,1,Habakkuk 1:4,Minor Prophets,Old Testament,Habakkuk,NIV
WORD,upheld.,H3318,1,Habakkuk 1:4,Minor Prophets,Old Testament,Habakkuk,NIV
WORD,For,H3588,1,Habakkuk 1:4,Minor Prophets,Old Testament,Habakkuk,NIV
PHRASE,the wicked,H7563,1,Habakkuk 1:4,Minor Prophets,Old Testament,Habakkuk,NIV
WORD,surround,H3803,1,Habakkuk 1:4,Minor Prophets,Old Testament,Habakkuk,NIV
PHRASE,the righteous;,H6662,1,Habakkuk 1:4,Minor Prophets,Old Testament,Habakkuk,NIV
WORD,Therefore,H5921,1,Habakkuk 1:4,Minor Prophets,Old Testament,Habakkuk,NIV
WORD,justice,H4941,1,Habakkuk 1:4,Minor Prophets,Old Testament,Habakkuk,NIV
PHRASE,comes out,H3318,1,Habakkuk 1:4,Minor Prophets,Old Testament,Habakkuk,NIV
WORD,perverted.,H6127,1,Habakkuk 1:4,Minor Prophets,Old Testament,Habakkuk,NIV
WORD,“Look,H7200,1,Habakkuk 1:5,Minor Prophets,Old Testament,Habakkuk,NIV
PHRASE,among the nations!,H1471,1,Habakkuk 1:5,Minor Prophets,Old Testament,Habakkuk,NIV
WORD,Observe!,H5027,1,Habakkuk 1:5,Minor Prophets,Old Testament,Habakkuk,NIV
PHRASE,Be astonished!,H8539,1,Habakkuk 1:5,Minor Prophets,Old Testament,Habakkuk,NIV
WORD,Wonder!,H8539,1,Habakkuk 1:5,Minor Prophets,Old Testament,Habakkuk,NIV
WORD,Because,H3588,1,Habakkuk 1:5,Minor Prophets,Old Testament,Habakkuk,NIV
PHRASE,[I am],,1,Habakkuk 1:5,Minor Prophets,Old Testament,Habakkuk,NIV
WORD,doing,H6466,1,Habakkuk 1:5,Minor Prophets,Old Testament,Habakkuk,NIV
WORD,something,H6467,1,Habakkuk 1:5,Minor Prophets,Old Testament,Habakkuk,NIV
PHRASE,in your days,H3117,1,Habakkuk 1:5,Minor Prophets,Old Testament,Habakkuk,NIV
PHRASE,You would,H539,1,Habakkuk 1:5,Minor Prophets,Old Testament,Habakkuk,NIV
WORD,not,H3808,1,Habakkuk 1:5,Minor Prophets,Old Testament,Habakkuk,NIV
WORD,believe,H539,1,Habakkuk 1:5,Minor Prophets,Old Testament,Habakkuk,NIV
WORD,if,H3588,1,Habakkuk 1:5,Minor Prophets,Old Testament,Habakkuk,NIV
PHRASE,you were told.,H5608,1,Habakkuk 1:5,Minor Prophets,Old Testament,Habakkuk,NIV
WORD,“For,H3588,1,Habakkuk 1:6,Minor Prophets,Old Testament,Habakkuk,NIV
PHRASE,"behold, I",H2005,1,Habakkuk 1:6,Minor Prophets,Old Testament,Habakkuk,NIV
PHRASE,am raising up,H6965,1,Habakkuk 1:6,Minor Prophets,Old Testament,Habakkuk,NIV
PHRASE,"the Chaldeans,",H3778,1,Habakkuk 1:6,Minor Prophets,Old Testament,Habakkuk,NIV
WORD,That,,1,Habakkuk 1:6,Minor Prophets,Old Testament,Habakkuk,NIV
WORD,fierce,H4751,1,Habakkuk 1:6,Minor Prophets,Old Testament,Habakkuk,NIV
PHRASE,and impetuous,H4116,1,Habakkuk 1:6,Minor Prophets,Old Testament,Habakkuk,NIV
WORD,people,H1471,1,Habakkuk 1:6,Minor Prophets,Old Testament,Habakkuk,NIV
PHRASE,Who march,H1980,1,Habakkuk 1:6,Minor Prophets,Old Testament,Habakkuk,NIV
WORD,throughout,H4800,1,Habakkuk 1:6,Minor Prophets,Old Testament,Habakkuk,NIV
PHRASE,the earth,H776,1,Habakkuk 1:6,Minor Prophets,Old Testament,Habakkuk,NIV
PHRASE,To seize,H3423,1,Habakkuk 1:6,Minor Prophets,Old Testament,Habakkuk,NIV
PHRASE,dwelling places,H4908,1,Habakkuk 1:6,Minor Prophets,Old Testament,Habakkuk,NIV
PHRASE,which are,,1,Habakkuk 1:6,Minor Prophets,Old Testament,Habakkuk,NIV
WORD,not,H3808,1,Habakkuk 1:6,Minor Prophets,Old Testament,Habakkuk,NIV
WORD,theirs.,,1,Habakkuk 1:6,Minor Prophets,Old Testament,Habakkuk,NIV
WORD,“They,H1931,1,Habakkuk 1:7,Minor Prophets,Old Testament,Habakkuk,NIV
WORD,are,,1,Habakkuk 1:7,Minor Prophets,Old Testament,Habakkuk,NIV
WORD,dreaded,H366,1,Habakkuk 1:7,Minor Prophets,Old Testament,Habakkuk,NIV
PHRASE,and feared;,H3372,1,Habakkuk 1:7,Minor Prophets,Old Testament,Habakkuk,NIV
PHRASE,Their justice,H4941,1,Habakkuk 1:7,Minor Prophets,Old Testament,Habakkuk,NIV
PHRASE,and authority,H7613,1,Habakkuk 1:7,Minor Prophets,Old Testament,Habakkuk,NIV
WORD,originate,H3318,1,Habakkuk 1:7,Minor Prophets,Old Testament,Habakkuk,NIV
PHRASE,with themselves.,H4480,1,Habakkuk 1:7,Minor Prophets,Old Testament,Habakkuk,NIV
PHRASE,“Their horses,H5483,1,Habakkuk 1:8,Minor Prophets,Old Testament,Habakkuk,NIV
PHRASE,are swifter,H7043,1,Habakkuk 1:8,Minor Prophets,Old Testament,Habakkuk,NIV
PHRASE,than leopards,H5246,1,Habakkuk 1:8,Minor Prophets,Old Testament,Habakkuk,NIV
PHRASE,And keener,H2300,1,Habakkuk 1:8,Minor Prophets,Old Testament,Habakkuk,NIV
PHRASE,than wolves,H2061,1,Habakkuk 1:8,Minor Prophets,Old Testament,Habakkuk,NIV
PHRASE,in the evening.,H6153,1,Habakkuk 1:8,Minor Prophets,Old Testament,Habakkuk,NIV
PHRASE,Their horsemen,H6571,1,Habakkuk 1:8,Minor Prophets,Old Testament,Habakkuk,NIV
PHRASE,"come galloping,",H6335,1,Habakkuk 1:8,Minor Prophets,Old Testament,Habakkuk,NIV
PHRASE,Their horsemen,H6571,1,Habakkuk 1:8,Minor Prophets,Old Testament,Habakkuk,NIV
WORD,come,H935,1,Habakkuk 1:8,Minor Prophets,Old Testament,Habakkuk,NIV
PHRASE,from afar;,H7350,1,Habakkuk 1:8,Minor Prophets,Old Testament,Habakkuk,NIV
PHRASE,They fly,H5774,1,Habakkuk 1:8,Minor Prophets,Old Testament,Habakkuk,NIV
PHRASE,like an eagle,H5404,1,Habakkuk 1:8,Minor Prophets,Old Testament,Habakkuk,NIV
WORD,swooping,H2363,1,Habakkuk 1:8,Minor Prophets,Old Testament,Habakkuk,NIV
WORD,[down],,1,Habakkuk 1:8,Minor Prophets,Old Testament,Habakkuk,NIV
PHRASE,to devour.,H398,1,Habakkuk 1:8,Minor Prophets,Old Testament,Habakkuk,NIV
PHRASE,“All of them,H3605,1,Habakkuk 1:9,Minor Prophets,Old Testament,Habakkuk,NIV
WORD,come,H935,1,Habakkuk 1:9,Minor Prophets,Old Testament,Habakkuk,NIV
PHRASE,for violence.,H2555,1,Habakkuk 1:9,Minor Prophets,Old Testament,Habakkuk,NIV
WORD,Their,H6440,1,Habakkuk 1:9,Minor Prophets,Old Testament,Habakkuk,NIV
WORD,horde,H4041,1,Habakkuk 1:9,Minor Prophets,Old Testament,Habakkuk,NIV
PHRASE,of faces,H6440,1,Habakkuk 1:9,Minor Prophets,Old Testament,Habakkuk,NIV
WORD,[moves],,1,Habakkuk 1:9,Minor Prophets,Old Testament,Habakkuk,NIV
WORD,forward.,H6921,1,Habakkuk 1:9,Minor Prophets,Old Testament,Habakkuk,NIV
PHRASE,They collect,H622,1,Habakkuk 1:9,Minor Prophets,Old Testament,Habakkuk,NIV
WORD,captives,H7628,1,Habakkuk 1:9,Minor Prophets,Old Testament,Habakkuk,NIV
PHRASE,like sand.,H2344,1,Habakkuk 1:9,Minor Prophets,Old Testament,Habakkuk,NIV
WORD,“They,H1931,1,Habakkuk 1:10,Minor Prophets,Old Testament,Habakkuk,NIV
WORD,mock,H7046,1,Habakkuk 1:10,Minor Prophets,Old Testament,Habakkuk,NIV
PHRASE,at kings,H4428,1,Habakkuk 1:10,Minor Prophets,Old Testament,Habakkuk,NIV
PHRASE,And rulers are,H7336,1,Habakkuk 1:10,Minor Prophets,Old Testament,Habakkuk,NIV
PHRASE,a laughing matter,H4890,1,Habakkuk 1:10,Minor Prophets,Old Testament,Habakkuk,NIV
PHRASE,to them.,,1,Habakkuk 1:10,Minor Prophets,Old Testament,Habakkuk,NIV
WORD,They,H1931,1,Habakkuk 1:10,Minor Prophets,Old Testament,Habakkuk,NIV
WORD,laugh,H7832,1,Habakkuk 1:10,Minor Prophets,Old Testament,Habakkuk,NIV
PHRASE,at every,H3605,1,Habakkuk 1:10,Minor Prophets,Old Testament,Habakkuk,NIV
WORD,fortress,H4013,1,Habakkuk 1:10,Minor Prophets,Old Testament,Habakkuk,NIV
PHRASE,And heap up,H6651,1,Habakkuk 1:10,Minor Prophets,Old Testament,Habakkuk,NIV
WORD,rubble,H6083,1,Habakkuk 1:10,Minor Prophets,Old Testament,Habakkuk,NIV
PHRASE,to capture it.,H3920,1,Habakkuk 1:10,Minor Prophets,Old Testament,Habakkuk,NIV
WORD,“Then,H227,1,Habakkuk 1:11,Minor Prophets,Old Testament,Habakkuk,NIV
PHRASE,they will sweep through,H2498,1,Habakkuk 1:11,Minor Prophets,Old Testament,Habakkuk,NIV
WORD,[like],,1,Habakkuk 1:11,Minor Prophets,Old Testament,Habakkuk,NIV
PHRASE,the wind,H7307,1,Habakkuk 1:11,Minor Prophets,Old Testament,Habakkuk,NIV
PHRASE,and pass on.,H5674,1,Habakkuk 1:11,Minor Prophets,Old Testament,Habakkuk,NIV
PHRASE,"But they will be held guilty,",H816,1,Habakkuk 1:11,Minor Prophets,Old Testament,Habakkuk,NIV
WORD,They,H3581,1,Habakkuk 1:11,Minor Prophets,Old Testament,Habakkuk,NIV
WORD,whose,H2098,1,Habakkuk 1:11,Minor Prophets,Old Testament,Habakkuk,NIV
WORD,strength,H3581,1,Habakkuk 1:11,Minor Prophets,Old Testament,Habakkuk,NIV
PHRASE,is their god.”,H430,1,Habakkuk 1:11,Minor Prophets,Old Testament,Habakkuk,NIV
WORD,Are,H3808,1,Habakkuk 1:12,Minor Prophets,Old Testament,Habakkuk,NIV
WORD,You,H859,1,Habakkuk 1:12,Minor Prophets,Old Testament,Habakkuk,NIV
WORD,not,H3808,1,Habakkuk 1:12,Minor Prophets,Old Testament,Habakkuk,NIV
PHRASE,"from everlasting,",H6924,1,Habakkuk 1:12,Minor Prophets,Old Testament,Habakkuk,NIV
PHRASE,"O LORD,",H3068,1,Habakkuk 1:12,Minor Prophets,Old Testament,Habakkuk,NIV
PHRASE,"my God,",H430,1,Habakkuk 1:12,Minor Prophets,Old Testament,Habakkuk,NIV
PHRASE,my Holy One?,H6918,1,Habakkuk 1:12,Minor Prophets,Old Testament,Habakkuk,NIV
PHRASE,We will,H4191,1,Habakkuk 1:12,Minor Prophets,Old Testament,Habakkuk,NIV
WORD,not,H3808,1,Habakkuk 1:12,Minor Prophets,Old Testament,Habakkuk,NIV
WORD,die.,H4191,1,Habakkuk 1:12,Minor Prophets,Old Testament,Habakkuk,NIV
WORD,"You,",H7760,1,Habakkuk 1:12,Minor Prophets,Old Testament,Habakkuk,NIV
PHRASE,"O LORD,",H3068,1,Habakkuk 1:12,Minor Prophets,Old Testament,Habakkuk,NIV
PHRASE,have appointed them,H7760,1,Habakkuk 1:12,Minor Prophets,Old Testament,Habakkuk,NIV
PHRASE,to judge;,H4941,1,Habakkuk 1:12,Minor Prophets,Old Testament,Habakkuk,NIV
WORD,And,H6697,1,Habakkuk 1:12,Minor Prophets,Old Testament,Habakkuk,NIV
WORD,"You,",H3245,1,Habakkuk 1:12,Minor Prophets,Old Testament,Habakkuk,NIV
PHRASE,"O Rock,",H6697,1,Habakkuk 1:12,Minor Prophets,Old Testament,Habakkuk,NIV
PHRASE,have established them,H3245,1,Habakkuk 1:12,Minor Prophets,Old Testament,Habakkuk,NIV
PHRASE,to correct.,H3198,1,Habakkuk 1:12,Minor Prophets,Old Testament,Habakkuk,NIV
WORD,[Your],,1,Habakkuk 1:13,Minor Prophets,Old Testament,Habakkuk,NIV
WORD,eyes,H5869,1,Habakkuk 1:13,Minor Prophets,Old Testament,Habakkuk,NIV
WORD,are,,1,Habakkuk 1:13,Minor Prophets,Old Testament,Habakkuk,NIV
PHRASE,too pure,H2890,1,Habakkuk 1:13,Minor Prophets,Old Testament,Habakkuk,NIV
PHRASE,to approve,H7200,1,Habakkuk 1:13,Minor Prophets,Old Testament,Habakkuk,NIV
WORD,"evil,",H7451,1,Habakkuk 1:13,Minor Prophets,Old Testament,Habakkuk,NIV
WORD,And,H5027,1,Habakkuk 1:13,Minor Prophets,Old Testament,Habakkuk,NIV
PHRASE,You can,H3201,1,Habakkuk 1:13,Minor Prophets,Old Testament,Habakkuk,NIV
WORD,not,H3808,1,Habakkuk 1:13,Minor Prophets,Old Testament,Habakkuk,NIV
WORD,look,H5027,1,Habakkuk 1:13,Minor Prophets,Old Testament,Habakkuk,NIV
WORD,on,H413,1,Habakkuk 1:13,Minor Prophets,Old Testament,Habakkuk,NIV
WORD,wickedness,H5999,1,Habakkuk 1:13,Minor Prophets,Old Testament,Habakkuk,NIV
PHRASE,[with favor].,,1,Habakkuk 1:13,Minor Prophets,Old Testament,Habakkuk,NIV
WORD,Why,H4100,1,Habakkuk 1:13,Minor Prophets,Old Testament,Habakkuk,NIV
PHRASE,do You look with favor,H5027,1,Habakkuk 1:13,Minor Prophets,Old Testament,Habakkuk,NIV
PHRASE,On those who deal treacherously?,H898,1,Habakkuk 1:13,Minor Prophets,Old Testament,Habakkuk,NIV
PHRASE,Why are You silent,H2790,1,Habakkuk 1:13,Minor Prophets,Old Testament,Habakkuk,NIV
WORD,when,H1104,1,Habakkuk 1:13,Minor Prophets,Old Testament,Habakkuk,NIV
PHRASE,the wicked,H7563,1,Habakkuk 1:13,Minor Prophets,Old Testament,Habakkuk,NIV
PHRASE,swallow up,H1104,1,Habakkuk 1:13,Minor Prophets,Old Testament,Habakkuk,NIV
PHRASE,Those more righteous,H6662,1,Habakkuk 1:13,Minor Prophets,Old Testament,Habakkuk,NIV
PHRASE,than they?,H4480,1,Habakkuk 1:13,Minor Prophets,Old Testament,Habakkuk,NIV
WORD,[Why],,1,Habakkuk 1:14,Minor Prophets,Old Testament,Habakkuk,NIV
PHRASE,have You made,H6213,1,Habakkuk 1:14,Minor Prophets,Old Testament,Habakkuk,NIV
WORD,men,H120,1,Habakkuk 1:14,Minor Prophets,Old Testament,Habakkuk,NIV
PHRASE,like the fish,H1709,1,Habakkuk 1:14,Minor Prophets,Old Testament,Habakkuk,NIV
PHRASE,"of the sea,",H3220,1,Habakkuk 1:14,Minor Prophets,Old Testament,Habakkuk,NIV
PHRASE,Like creeping things,H7431,1,Habakkuk 1:14,Minor Prophets,Old Testament,Habakkuk,NIV
WORD,without,H3808,1,Habakkuk 1:14,Minor Prophets,Old Testament,Habakkuk,NIV
PHRASE,a ruler,H4910,1,Habakkuk 1:14,Minor Prophets,Old Testament,Habakkuk,NIV
PHRASE,over them?,,1,Habakkuk 1:14,Minor Prophets,Old Testament,Habakkuk,NIV
PHRASE,[The Chaldeans],,1,Habakkuk 1:15,Minor Prophets,Old Testament,Habakkuk,NIV
WORD,bring,H5927,1,Habakkuk 1:15,Minor Prophets,Old Testament,Habakkuk,NIV
PHRASE,all of them,H3605,1,Habakkuk 1:15,Minor Prophets,Old Testament,Habakkuk,NIV
WORD,up,H5927,1,Habakkuk 1:15,Minor Prophets,Old Testament,Habakkuk,NIV
PHRASE,"with a hook,",H2443,1,Habakkuk 1:15,Minor Prophets,Old Testament,Habakkuk,NIV
PHRASE,Drag them away,H1641,1,Habakkuk 1:15,Minor Prophets,Old Testament,Habakkuk,NIV
PHRASE,"with their net,",H2764,1,Habakkuk 1:15,Minor Prophets,Old Testament,Habakkuk,NIV
PHRASE,And gather them together,H622,1,Habakkuk 1:15,Minor Prophets,Old Testament,Habakkuk,NIV
PHRASE,in their fishing net.,H4365,1,Habakkuk 1:15,Minor Prophets,Old Testament,Habakkuk,NIV
WORD,Therefore,H5921,1,Habakkuk 1:15,Minor Prophets,Old Testament,Habakkuk,NIV
PHRASE,they rejoice,H8055,1,Habakkuk 1:15,Minor Prophets,Old Testament,Habakkuk,NIV
PHRASE,and are glad.,H1523,1,Habakkuk 1:15,Minor Prophets,Old Testament,Habakkuk,NIV
WORD,Therefore,H5921,1,Habakkuk 1:16,Minor Prophets,Old Testament,Habakkuk,NIV
PHRASE,they offer a sacrifice,H2076,1,Habakkuk 1:16,Minor Prophets,Old Testament,Habakkuk,NIV
PHRASE,to their net,H2764,1,Habakkuk 1:16,Minor Prophets,Old Testament,Habakkuk,NIV
PHRASE,And burn incense,H6999,1,Habakkuk 1:16,Minor Prophets,Old Testament,Habakkuk,NIV
PHRASE,to their fishing net;,H4365,1,Habakkuk 1:16,Minor Prophets,Old Testament,Habakkuk,NIV
WORD,Because,H3588,1,Habakkuk 1:16,Minor Prophets,Old Testament,Habakkuk,NIV
PHRASE,through these things,H1992,1,Habakkuk 1:16,Minor Prophets,Old Testament,Habakkuk,NIV
PHRASE,their catch,H2506,1,Habakkuk 1:16,Minor Prophets,Old Testament,Habakkuk,NIV
WORD,is,,1,Habakkuk 1:16,Minor Prophets,Old Testament,Habakkuk,NIV
WORD,"large,",H8082,1,Habakkuk 1:16,Minor Prophets,Old Testament,Habakkuk,NIV
PHRASE,And their food,H3978,1,Habakkuk 1:16,Minor Prophets,Old Testament,Habakkuk,NIV
WORD,is,,1,Habakkuk 1:16,Minor Prophets,Old Testament,Habakkuk,NIV
WORD,plentiful.,H1277,1,Habakkuk 1:16,Minor Prophets,Old Testament,Habakkuk,NIV
WORD,Will,H5921,1,Habakkuk 1:17,Minor Prophets,Old Testament,Habakkuk,NIV
WORD,they,H7324,1,Habakkuk 1:17,Minor Prophets,Old Testament,Habakkuk,NIV
WORD,therefore,H3651,1,Habakkuk 1:17,Minor Prophets,Old Testament,Habakkuk,NIV
WORD,empty,H7324,1,Habakkuk 1:17,Minor Prophets,Old Testament,Habakkuk,NIV
PHRASE,their net,H2764,1,Habakkuk 1:17,Minor Prophets,Old Testament,Habakkuk,NIV
PHRASE,And continually,H8548,1,Habakkuk 1:17,Minor Prophets,Old Testament,Habakkuk,NIV
WORD,slay,H2026,1,Habakkuk 1:17,Minor Prophets,Old Testament,Habakkuk,NIV
WORD,nations,H1471,1,Habakkuk 1:17,Minor Prophets,Old Testament,Habakkuk,NIV
WORD,without,H3808,1,Habakkuk 1:17,Minor Prophets,Old Testament,Habakkuk,NIV
WORD,sparing?,H2550,1,Habakkuk 1:17,Minor Prophets,Old Testament,Habakkuk,NIV
PHRASE,I will stand,H5975,2,Habakkuk 2:1,Minor Prophets,Old Testament,Habakkuk,NIV
WORD,on,H5921,2,Habakkuk 2:1,Minor Prophets,Old Testament,Habakkuk,NIV
PHRASE,my guard post,H4931,2,Habakkuk 2:1,Minor Prophets,Old Testament,Habakkuk,NIV
PHRASE,And station myself,H3320,2,Habakkuk 2:1,Minor Prophets,Old Testament,Habakkuk,NIV
WORD,on,H5921,2,Habakkuk 2:1,Minor Prophets,Old Testament,Habakkuk,NIV
PHRASE,the rampart;,H4692,2,Habakkuk 2:1,Minor Prophets,Old Testament,Habakkuk,NIV
PHRASE,And I will keep watch,H6822,2,Habakkuk 2:1,Minor Prophets,Old Testament,Habakkuk,NIV
PHRASE,to see,H7200,2,Habakkuk 2:1,Minor Prophets,Old Testament,Habakkuk,NIV
WORD,what,H4100,2,Habakkuk 2:1,Minor Prophets,Old Testament,Habakkuk,NIV
PHRASE,He will speak,H1696,2,Habakkuk 2:1,Minor Prophets,Old Testament,Habakkuk,NIV
PHRASE,"to me,",,2,Habakkuk 2:1,Minor Prophets,Old Testament,Habakkuk,NIV
PHRASE,And how,H4100,2,Habakkuk 2:1,Minor Prophets,Old Testament,Habakkuk,NIV
PHRASE,I may reply,H7725,2,Habakkuk 2:1,Minor Prophets,Old Testament,Habakkuk,NIV
WORD,when,H5921,2,Habakkuk 2:1,Minor Prophets,Old Testament,Habakkuk,NIV
PHRASE,I am reproved.,H8433,2,Habakkuk 2:1,Minor Prophets,Old Testament,Habakkuk,NIV
WORD,Then,H6030,2,Habakkuk 2:2,Minor Prophets,Old Testament,Habakkuk,NIV
PHRASE,the LORD,H3068,2,Habakkuk 2:2,Minor Prophets,Old Testament,Habakkuk,NIV
PHRASE,answered me,H6030,2,Habakkuk 2:2,Minor Prophets,Old Testament,Habakkuk,NIV
PHRASE,"and said,",H559,2,Habakkuk 2:2,Minor Prophets,Old Testament,Habakkuk,NIV
WORD,“Record,H3789,2,Habakkuk 2:2,Minor Prophets,Old Testament,Habakkuk,NIV
PHRASE,the vision,H2377,2,Habakkuk 2:2,Minor Prophets,Old Testament,Habakkuk,NIV
PHRASE,And inscribe,H874,2,Habakkuk 2:2,Minor Prophets,Old Testament,Habakkuk,NIV
WORD,[it],,2,Habakkuk 2:2,Minor Prophets,Old Testament,Habakkuk,NIV
WORD,on,H5921,2,Habakkuk 2:2,Minor Prophets,Old Testament,Habakkuk,NIV
WORD,"tablets,",H3871,2,Habakkuk 2:2,Minor Prophets,Old Testament,Habakkuk,NIV
WORD,That,H4616,2,Habakkuk 2:2,Minor Prophets,Old Testament,Habakkuk,NIV
PHRASE,the one who reads,H7121,2,Habakkuk 2:2,Minor Prophets,Old Testament,Habakkuk,NIV
WORD,it,,2,Habakkuk 2:2,Minor Prophets,Old Testament,Habakkuk,NIV
PHRASE,may run.,H7323,2,Habakkuk 2:2,Minor Prophets,Old Testament,Habakkuk,NIV
WORD,“For,H3588,2,Habakkuk 2:3,Minor Prophets,Old Testament,Habakkuk,NIV
PHRASE,the vision,H2377,2,Habakkuk 2:3,Minor Prophets,Old Testament,Habakkuk,NIV
WORD,is,,2,Habakkuk 2:3,Minor Prophets,Old Testament,Habakkuk,NIV
WORD,yet,H5750,2,Habakkuk 2:3,Minor Prophets,Old Testament,Habakkuk,NIV
PHRASE,for the appointed time;,H4150,2,Habakkuk 2:3,Minor Prophets,Old Testament,Habakkuk,NIV
PHRASE,It hastens,H6315,2,Habakkuk 2:3,Minor Prophets,Old Testament,Habakkuk,NIV
PHRASE,toward the goal,H7093,2,Habakkuk 2:3,Minor Prophets,Old Testament,Habakkuk,NIV
WORD,and,H3808,2,Habakkuk 2:3,Minor Prophets,Old Testament,Habakkuk,NIV
PHRASE,it will,H3576,2,Habakkuk 2:3,Minor Prophets,Old Testament,Habakkuk,NIV
WORD,not,H3808,2,Habakkuk 2:3,Minor Prophets,Old Testament,Habakkuk,NIV
WORD,fail.,H3576,2,Habakkuk 2:3,Minor Prophets,Old Testament,Habakkuk,NIV
WORD,Though,H518,2,Habakkuk 2:3,Minor Prophets,Old Testament,Habakkuk,NIV
PHRASE,"it tarries,",H4102,2,Habakkuk 2:3,Minor Prophets,Old Testament,Habakkuk,NIV
WORD,wait,H2442,2,Habakkuk 2:3,Minor Prophets,Old Testament,Habakkuk,NIV
PHRASE,for it;,,2,Habakkuk 2:3,Minor Prophets,Old Testament,Habakkuk,NIV
WORD,For,H3588,2,Habakkuk 2:3,Minor Prophets,Old Testament,Habakkuk,NIV
PHRASE,it will,H935,2,Habakkuk 2:3,Minor Prophets,Old Testament,Habakkuk,NIV
WORD,certainly,H935,2,Habakkuk 2:3,Minor Prophets,Old Testament,Habakkuk,NIV
WORD,"come,",H935,2,Habakkuk 2:3,Minor Prophets,Old Testament,Habakkuk,NIV
PHRASE,it will,H309,2,Habakkuk 2:3,Minor Prophets,Old Testament,Habakkuk,NIV
WORD,not,H3808,2,Habakkuk 2:3,Minor Prophets,Old Testament,Habakkuk,NIV
WORD,delay.,H309,2,Habakkuk 2:3,Minor Prophets,Old Testament,Habakkuk,NIV
WORD,"“Behold,",H2009,2,Habakkuk 2:4,Minor Prophets,Old Testament,Habakkuk,NIV
PHRASE,"as for the proud one,",H6075,2,Habakkuk 2:4,Minor Prophets,Old Testament,Habakkuk,NIV
PHRASE,His soul,H5315,2,Habakkuk 2:4,Minor Prophets,Old Testament,Habakkuk,NIV
WORD,is,H3474,2,Habakkuk 2:4,Minor Prophets,Old Testament,Habakkuk,NIV
WORD,not,H3808,2,Habakkuk 2:4,Minor Prophets,Old Testament,Habakkuk,NIV
WORD,right,H3474,2,Habakkuk 2:4,Minor Prophets,Old Testament,Habakkuk,NIV
PHRASE,within him;,,2,Habakkuk 2:4,Minor Prophets,Old Testament,Habakkuk,NIV
PHRASE,But the righteous,H6662,2,Habakkuk 2:4,Minor Prophets,Old Testament,Habakkuk,NIV
PHRASE,will live,H2421,2,Habakkuk 2:4,Minor Prophets,Old Testament,Habakkuk,NIV
PHRASE,by his faith.,H530,2,Habakkuk 2:4,Minor Prophets,Old Testament,Habakkuk,NIV
WORD,"“Furthermore,",H637,2,Habakkuk 2:5,Minor Prophets,Old Testament,Habakkuk,NIV
WORD,wine,H3196,2,Habakkuk 2:5,Minor Prophets,Old Testament,Habakkuk,NIV
WORD,betrays,H898,2,Habakkuk 2:5,Minor Prophets,Old Testament,Habakkuk,NIV
WORD,the,H1397,2,Habakkuk 2:5,Minor Prophets,Old Testament,Habakkuk,NIV
WORD,haughty,H3093,2,Habakkuk 2:5,Minor Prophets,Old Testament,Habakkuk,NIV
WORD,"man,",H1397,2,Habakkuk 2:5,Minor Prophets,Old Testament,Habakkuk,NIV
PHRASE,So that,H3808,2,Habakkuk 2:5,Minor Prophets,Old Testament,Habakkuk,NIV
PHRASE,he does,H5115,2,Habakkuk 2:5,Minor Prophets,Old Testament,Habakkuk,NIV
WORD,not,H3808,2,Habakkuk 2:5,Minor Prophets,Old Testament,Habakkuk,NIV
PHRASE,stay at home.,H5115,2,Habakkuk 2:5,Minor Prophets,Old Testament,Habakkuk,NIV
PHRASE,He enlarges,H7337,2,Habakkuk 2:5,Minor Prophets,Old Testament,Habakkuk,NIV
PHRASE,his appetite,H5315,2,Habakkuk 2:5,Minor Prophets,Old Testament,Habakkuk,NIV
PHRASE,"like Sheol,",H7585,2,Habakkuk 2:5,Minor Prophets,Old Testament,Habakkuk,NIV
PHRASE,And he,H1931,2,Habakkuk 2:5,Minor Prophets,Old Testament,Habakkuk,NIV
WORD,is,,2,Habakkuk 2:5,Minor Prophets,Old Testament,Habakkuk,NIV
PHRASE,"like death,",H4194,2,Habakkuk 2:5,Minor Prophets,Old Testament,Habakkuk,NIV
WORD,never,H3808,2,Habakkuk 2:5,Minor Prophets,Old Testament,Habakkuk,NIV
WORD,satisfied.,H7646,2,Habakkuk 2:5,Minor Prophets,Old Testament,Habakkuk,NIV
PHRASE,He also gathers,H622,2,Habakkuk 2:5,Minor Prophets,Old Testament,Habakkuk,NIV
PHRASE,to himself,H413,2,Habakkuk 2:5,Minor Prophets,Old Testament,Habakkuk,NIV
WORD,all,H3605,2,Habakkuk 2:5,Minor Prophets,Old Testament,Habakkuk,NIV
WORD,nations,H1471,2,Habakkuk 2:5,Minor Prophets,Old Testament,Habakkuk,NIV
PHRASE,And collects,H6908,2,Habakkuk 2:5,Minor Prophets,Old Testament,Habakkuk,NIV
PHRASE,to himself,H413,2,Habakkuk 2:5,Minor Prophets,Old Testament,Habakkuk,NIV
WORD,all,H3605,2,Habakkuk 2:5,Minor Prophets,Old Testament,Habakkuk,NIV
WORD,peoples.,H5971,2,Habakkuk 2:5,Minor Prophets,Old Testament,Habakkuk,NIV
WORD,“Will,H5375,2,Habakkuk 2:6,Minor Prophets,Old Testament,Habakkuk,NIV
WORD,not,H3808,2,Habakkuk 2:6,Minor Prophets,Old Testament,Habakkuk,NIV
WORD,all,H3605,2,Habakkuk 2:6,Minor Prophets,Old Testament,Habakkuk,NIV
PHRASE,of these,H428,2,Habakkuk 2:6,Minor Prophets,Old Testament,Habakkuk,NIV
PHRASE,take up,H5375,2,Habakkuk 2:6,Minor Prophets,Old Testament,Habakkuk,NIV
PHRASE,a taunt-song,H4912,2,Habakkuk 2:6,Minor Prophets,Old Testament,Habakkuk,NIV
PHRASE,"against him,",H5921,2,Habakkuk 2:6,Minor Prophets,Old Testament,Habakkuk,NIV
PHRASE,Even mockery,H4426,2,Habakkuk 2:6,Minor Prophets,Old Testament,Habakkuk,NIV
WORD,[and],,2,Habakkuk 2:6,Minor Prophets,Old Testament,Habakkuk,NIV
WORD,insinuations,H2420,2,Habakkuk 2:6,Minor Prophets,Old Testament,Habakkuk,NIV
PHRASE,against him,,2,Habakkuk 2:6,Minor Prophets,Old Testament,Habakkuk,NIV
PHRASE,"And say,",H559,2,Habakkuk 2:6,Minor Prophets,Old Testament,Habakkuk,NIV
WORD,‘Woe,H1945,2,Habakkuk 2:6,Minor Prophets,Old Testament,Habakkuk,NIV
PHRASE,to him who increases,H7235,2,Habakkuk 2:6,Minor Prophets,Old Testament,Habakkuk,NIV
PHRASE,what is,,2,Habakkuk 2:6,Minor Prophets,Old Testament,Habakkuk,NIV
WORD,not,H3808,2,Habakkuk 2:6,Minor Prophets,Old Testament,Habakkuk,NIV
WORD,his,,2,Habakkuk 2:6,Minor Prophets,Old Testament,Habakkuk,NIV
WORD,For,H5704,2,Habakkuk 2:6,Minor Prophets,Old Testament,Habakkuk,NIV
PHRASE,how long,H4970,2,Habakkuk 2:6,Minor Prophets,Old Testament,Habakkuk,NIV
PHRASE,And makes,H3513,2,Habakkuk 2:6,Minor Prophets,Old Testament,Habakkuk,NIV
WORD,himself,H5921,2,Habakkuk 2:6,Minor Prophets,Old Testament,Habakkuk,NIV
WORD,rich,H3513,2,Habakkuk 2:6,Minor Prophets,Old Testament,Habakkuk,NIV
PHRASE,with loans?’,H5671,2,Habakkuk 2:6,Minor Prophets,Old Testament,Habakkuk,NIV
WORD,“Will,H6965,2,Habakkuk 2:7,Minor Prophets,Old Testament,Habakkuk,NIV
WORD,not,H3808,2,Habakkuk 2:7,Minor Prophets,Old Testament,Habakkuk,NIV
PHRASE,your creditors,H5391,2,Habakkuk 2:7,Minor Prophets,Old Testament,Habakkuk,NIV
PHRASE,rise up,H6965,2,Habakkuk 2:7,Minor Prophets,Old Testament,Habakkuk,NIV
WORD,"suddenly,",H6621,2,Habakkuk 2:7,Minor Prophets,Old Testament,Habakkuk,NIV
WORD,And,H6974,2,Habakkuk 2:7,Minor Prophets,Old Testament,Habakkuk,NIV
PHRASE,those who collect from you,H2111,2,Habakkuk 2:7,Minor Prophets,Old Testament,Habakkuk,NIV
WORD,awaken?,H6974,2,Habakkuk 2:7,Minor Prophets,Old Testament,Habakkuk,NIV
PHRASE,"Indeed, you will become",H1961,2,Habakkuk 2:7,Minor Prophets,Old Testament,Habakkuk,NIV
WORD,plunder,H4933,2,Habakkuk 2:7,Minor Prophets,Old Testament,Habakkuk,NIV
PHRASE,for them.,,2,Habakkuk 2:7,Minor Prophets,Old Testament,Habakkuk,NIV
WORD,“Because,H3588,2,Habakkuk 2:8,Minor Prophets,Old Testament,Habakkuk,NIV
WORD,you,H859,2,Habakkuk 2:8,Minor Prophets,Old Testament,Habakkuk,NIV
PHRASE,have looted,H7997,2,Habakkuk 2:8,Minor Prophets,Old Testament,Habakkuk,NIV
WORD,many,H7227,2,Habakkuk 2:8,Minor Prophets,Old Testament,Habakkuk,NIV
WORD,"nations,",H1471,2,Habakkuk 2:8,Minor Prophets,Old Testament,Habakkuk,NIV
WORD,All,H3605,2,Habakkuk 2:8,Minor Prophets,Old Testament,Habakkuk,NIV
PHRASE,the remainder,H3499,2,Habakkuk 2:8,Minor Prophets,Old Testament,Habakkuk,NIV
PHRASE,of the peoples,H5971,2,Habakkuk 2:8,Minor Prophets,Old Testament,Habakkuk,NIV
PHRASE,will loot you,H7997,2,Habakkuk 2:8,Minor Prophets,Old Testament,Habakkuk,NIV
WORD,Because,H1818,2,Habakkuk 2:8,Minor Prophets,Old Testament,Habakkuk,NIV
PHRASE,of human,H120,2,Habakkuk 2:8,Minor Prophets,Old Testament,Habakkuk,NIV
WORD,bloodshed,H1818,2,Habakkuk 2:8,Minor Prophets,Old Testament,Habakkuk,NIV
PHRASE,and violence,H2555,2,Habakkuk 2:8,Minor Prophets,Old Testament,Habakkuk,NIV
PHRASE,"done to the land,",H776,2,Habakkuk 2:8,Minor Prophets,Old Testament,Habakkuk,NIV
PHRASE,To the town,H7151,2,Habakkuk 2:8,Minor Prophets,Old Testament,Habakkuk,NIV
PHRASE,and all,H3605,2,Habakkuk 2:8,Minor Prophets,Old Testament,Habakkuk,NIV
WORD,its,,2,Habakkuk 2:8,Minor Prophets,Old Testament,Habakkuk,NIV
WORD,inhabitants.,H3427,2,Habakkuk 2:8,Minor Prophets,Old Testament,Habakkuk,NIV
WORD,“Woe,H1945,2,Habakkuk 2:9,Minor Prophets,Old Testament,Habakkuk,NIV
PHRASE,to him who gets,H1214,2,Habakkuk 2:9,Minor Prophets,Old Testament,Habakkuk,NIV
WORD,evil,H7451,2,Habakkuk 2:9,Minor Prophets,Old Testament,Habakkuk,NIV
WORD,gain,H1215,2,Habakkuk 2:9,Minor Prophets,Old Testament,Habakkuk,NIV
PHRASE,for his house,H1004,2,Habakkuk 2:9,Minor Prophets,Old Testament,Habakkuk,NIV
PHRASE,To put,H7760,2,Habakkuk 2:9,Minor Prophets,Old Testament,Habakkuk,NIV
PHRASE,his nest,H7064,2,Habakkuk 2:9,Minor Prophets,Old Testament,Habakkuk,NIV
PHRASE,"on high,",H4791,2,Habakkuk 2:9,Minor Prophets,Old Testament,Habakkuk,NIV
PHRASE,To be delivered,H5337,2,Habakkuk 2:9,Minor Prophets,Old Testament,Habakkuk,NIV
PHRASE,from the hand,H3709,2,Habakkuk 2:9,Minor Prophets,Old Testament,Habakkuk,NIV
PHRASE,of calamity!,H7451,2,Habakkuk 2:9,Minor Prophets,Old Testament,Habakkuk,NIV
PHRASE,“You have devised,H3289,2,Habakkuk 2:10,Minor Prophets,Old Testament,Habakkuk,NIV
PHRASE,a shameful thing,H1322,2,Habakkuk 2:10,Minor Prophets,Old Testament,Habakkuk,NIV
PHRASE,for your house,H1004,2,Habakkuk 2:10,Minor Prophets,Old Testament,Habakkuk,NIV
PHRASE,By cutting off,H7096,2,Habakkuk 2:10,Minor Prophets,Old Testament,Habakkuk,NIV
WORD,many,H7227,2,Habakkuk 2:10,Minor Prophets,Old Testament,Habakkuk,NIV
WORD,peoples;,H5971,2,Habakkuk 2:10,Minor Prophets,Old Testament,Habakkuk,NIV
PHRASE,So you are sinning,H2398,2,Habakkuk 2:10,Minor Prophets,Old Testament,Habakkuk,NIV
PHRASE,against yourself.,H5315,2,Habakkuk 2:10,Minor Prophets,Old Testament,Habakkuk,NIV
WORD,“Surely,H3588,2,Habakkuk 2:11,Minor Prophets,Old Testament,Habakkuk,NIV
PHRASE,the stone,H68,2,Habakkuk 2:11,Minor Prophets,Old Testament,Habakkuk,NIV
PHRASE,will cry out,H2199,2,Habakkuk 2:11,Minor Prophets,Old Testament,Habakkuk,NIV
PHRASE,"from the wall,",H7023,2,Habakkuk 2:11,Minor Prophets,Old Testament,Habakkuk,NIV
PHRASE,And the rafter,H3714,2,Habakkuk 2:11,Minor Prophets,Old Testament,Habakkuk,NIV
PHRASE,will answer it,H6030,2,Habakkuk 2:11,Minor Prophets,Old Testament,Habakkuk,NIV
PHRASE,from the framework.,H6086,2,Habakkuk 2:11,Minor Prophets,Old Testament,Habakkuk,NIV
WORD,“Woe,H1945,2,Habakkuk 2:12,Minor Prophets,Old Testament,Habakkuk,NIV
PHRASE,to him who builds,H1129,2,Habakkuk 2:12,Minor Prophets,Old Testament,Habakkuk,NIV
PHRASE,a city,H5892,2,Habakkuk 2:12,Minor Prophets,Old Testament,Habakkuk,NIV
PHRASE,with bloodshed,H1818,2,Habakkuk 2:12,Minor Prophets,Old Testament,Habakkuk,NIV
PHRASE,And founds,H3559,2,Habakkuk 2:12,Minor Prophets,Old Testament,Habakkuk,NIV
PHRASE,a town,H7151,2,Habakkuk 2:12,Minor Prophets,Old Testament,Habakkuk,NIV
PHRASE,with violence!,H5766,2,Habakkuk 2:12,Minor Prophets,Old Testament,Habakkuk,NIV
PHRASE,“Is it not,H3808,2,Habakkuk 2:13,Minor Prophets,Old Testament,Habakkuk,NIV
WORD,indeed,H2009,2,Habakkuk 2:13,Minor Prophets,Old Testament,Habakkuk,NIV
WORD,from,H854,2,Habakkuk 2:13,Minor Prophets,Old Testament,Habakkuk,NIV
PHRASE,the LORD,H3068,2,Habakkuk 2:13,Minor Prophets,Old Testament,Habakkuk,NIV
PHRASE,of hosts,H6635,2,Habakkuk 2:13,Minor Prophets,Old Testament,Habakkuk,NIV
WORD,That,H3021,2,Habakkuk 2:13,Minor Prophets,Old Testament,Habakkuk,NIV
WORD,peoples,H5971,2,Habakkuk 2:13,Minor Prophets,Old Testament,Habakkuk,NIV
WORD,toil,H3021,2,Habakkuk 2:13,Minor Prophets,Old Testament,Habakkuk,NIV
WORD,for,H1767,2,Habakkuk 2:13,Minor Prophets,Old Testament,Habakkuk,NIV
WORD,"fire,",H784,2,Habakkuk 2:13,Minor Prophets,Old Testament,Habakkuk,NIV
PHRASE,And nations,H3816,2,Habakkuk 2:13,Minor Prophets,Old Testament,Habakkuk,NIV
PHRASE,grow weary,H3286,2,Habakkuk 2:13,Minor Prophets,Old Testament,Habakkuk,NIV
WORD,for,H1767,2,Habakkuk 2:13,Minor Prophets,Old Testament,Habakkuk,NIV
WORD,nothing?,H7385,2,Habakkuk 2:13,Minor Prophets,Old Testament,Habakkuk,NIV
WORD,“For,H3588,2,Habakkuk 2:14,Minor Prophets,Old Testament,Habakkuk,NIV
PHRASE,the earth,H776,2,Habakkuk 2:14,Minor Prophets,Old Testament,Habakkuk,NIV
PHRASE,will be filled,H4390,2,Habakkuk 2:14,Minor Prophets,Old Testament,Habakkuk,NIV
PHRASE,With the knowledge,H3045,2,Habakkuk 2:14,Minor Prophets,Old Testament,Habakkuk,NIV
PHRASE,of the glory,H3519,2,Habakkuk 2:14,Minor Prophets,Old Testament,Habakkuk,NIV
PHRASE,"of the LORD,",H3068,2,Habakkuk 2:14,Minor Prophets,Old Testament,Habakkuk,NIV
PHRASE,As the waters,H4325,2,Habakkuk 2:14,Minor Prophets,Old Testament,Habakkuk,NIV
WORD,cover,H3680,2,Habakkuk 2:14,Minor Prophets,Old Testament,Habakkuk,NIV
PHRASE,the sea.,H3220,2,Habakkuk 2:14,Minor Prophets,Old Testament,Habakkuk,NIV
WORD,“Woe,H1945,2,Habakkuk 2:15,Minor Prophets,Old Testament,Habakkuk,NIV
PHRASE,to you who make,H8248,2,Habakkuk 2:15,Minor Prophets,Old Testament,Habakkuk,NIV
PHRASE,your neighbors,H7453,2,Habakkuk 2:15,Minor Prophets,Old Testament,Habakkuk,NIV
WORD,"drink,",H8248,2,Habakkuk 2:15,Minor Prophets,Old Testament,Habakkuk,NIV
PHRASE,Who mix in your venom,H2573,2,Habakkuk 2:15,Minor Prophets,Old Testament,Habakkuk,NIV
WORD,even,H637,2,Habakkuk 2:15,Minor Prophets,Old Testament,Habakkuk,NIV
PHRASE,to make,H7937,2,Habakkuk 2:15,Minor Prophets,Old Testament,Habakkuk,NIV
WORD,[them],,2,Habakkuk 2:15,Minor Prophets,Old Testament,Habakkuk,NIV
WORD,drunk,H7937,2,Habakkuk 2:15,Minor Prophets,Old Testament,Habakkuk,NIV
PHRASE,So as,H4616,2,Habakkuk 2:15,Minor Prophets,Old Testament,Habakkuk,NIV
PHRASE,to look,H5027,2,Habakkuk 2:15,Minor Prophets,Old Testament,Habakkuk,NIV
WORD,on,H5921,2,Habakkuk 2:15,Minor Prophets,Old Testament,Habakkuk,NIV
PHRASE,their nakedness!,H4589,2,Habakkuk 2:15,Minor Prophets,Old Testament,Habakkuk,NIV
PHRASE,“You will be filled,H7646,2,Habakkuk 2:16,Minor Prophets,Old Testament,Habakkuk,NIV
PHRASE,with disgrace,H7036,2,Habakkuk 2:16,Minor Prophets,Old Testament,Habakkuk,NIV
PHRASE,rather than honor.,H3519,2,Habakkuk 2:16,Minor Prophets,Old Testament,Habakkuk,NIV
WORD,Now,H1571,2,Habakkuk 2:16,Minor Prophets,Old Testament,Habakkuk,NIV
WORD,you,H8354,2,Habakkuk 2:16,Minor Prophets,Old Testament,Habakkuk,NIV
WORD,yourself,H859,2,Habakkuk 2:16,Minor Prophets,Old Testament,Habakkuk,NIV
WORD,drink,H8354,2,Habakkuk 2:16,Minor Prophets,Old Testament,Habakkuk,NIV
PHRASE,and expose your [own] nakedness.,H6188,2,Habakkuk 2:16,Minor Prophets,Old Testament,Habakkuk,NIV
PHRASE,The cup,H3563,2,Habakkuk 2:16,Minor Prophets,Old Testament,Habakkuk,NIV
PHRASE,in the,H3225,2,Habakkuk 2:16,Minor Prophets,Old Testament,Habakkuk,NIV
WORD,LORD’S,H3068,2,Habakkuk 2:16,Minor Prophets,Old Testament,Habakkuk,NIV
PHRASE,right hand,H3225,2,Habakkuk 2:16,Minor Prophets,Old Testament,Habakkuk,NIV
PHRASE,will come around,H5437,2,Habakkuk 2:16,Minor Prophets,Old Testament,Habakkuk,NIV
PHRASE,"to you,",H5921,2,Habakkuk 2:16,Minor Prophets,Old Testament,Habakkuk,NIV
PHRASE,And utter disgrace,H7022,2,Habakkuk 2:16,Minor Prophets,Old Testament,Habakkuk,NIV
PHRASE,[will come],,2,Habakkuk 2:16,Minor Prophets,Old Testament,Habakkuk,NIV
WORD,upon,H5921,2,Habakkuk 2:16,Minor Prophets,Old Testament,Habakkuk,NIV
PHRASE,your glory.,H3519,2,Habakkuk 2:16,Minor Prophets,Old Testament,Habakkuk,NIV
WORD,“For,H3588,2,Habakkuk 2:17,Minor Prophets,Old Testament,Habakkuk,NIV
PHRASE,the violence,H2555,2,Habakkuk 2:17,Minor Prophets,Old Testament,Habakkuk,NIV
PHRASE,done to Lebanon,H3844,2,Habakkuk 2:17,Minor Prophets,Old Testament,Habakkuk,NIV
PHRASE,"will overwhelm you,",H3680,2,Habakkuk 2:17,Minor Prophets,Old Testament,Habakkuk,NIV
PHRASE,And the devastation,H7701,2,Habakkuk 2:17,Minor Prophets,Old Testament,Habakkuk,NIV
WORD,of,H929,2,Habakkuk 2:17,Minor Prophets,Old Testament,Habakkuk,NIV
WORD,[its],,2,Habakkuk 2:17,Minor Prophets,Old Testament,Habakkuk,NIV
WORD,beasts,H929,2,Habakkuk 2:17,Minor Prophets,Old Testament,Habakkuk,NIV
PHRASE,"by which you terrified them,",H2865,2,Habakkuk 2:17,Minor Prophets,Old Testament,Habakkuk,NIV
PHRASE,Because of,H1818,2,Habakkuk 2:17,Minor Prophets,Old Testament,Habakkuk,NIV
WORD,human,H120,2,Habakkuk 2:17,Minor Prophets,Old Testament,Habakkuk,NIV
WORD,bloodshed,H1818,2,Habakkuk 2:17,Minor Prophets,Old Testament,Habakkuk,NIV
PHRASE,and violence,H2555,2,Habakkuk 2:17,Minor Prophets,Old Testament,Habakkuk,NIV
PHRASE,"done to the land,",H776,2,Habakkuk 2:17,Minor Prophets,Old Testament,Habakkuk,NIV
PHRASE,To the town,H7151,2,Habakkuk 2:17,Minor Prophets,Old Testament,Habakkuk,NIV
PHRASE,and all,H3605,2,Habakkuk 2:17,Minor Prophets,Old Testament,Habakkuk,NIV
WORD,its,,2,Habakkuk 2:17,Minor Prophets,Old Testament,Habakkuk,NIV
WORD,inhabitants.,H3427,2,Habakkuk 2:17,Minor Prophets,Old Testament,Habakkuk,NIV
WORD,“What,H4100,2,Habakkuk 2:18,Minor Prophets,Old Testament,Habakkuk,NIV
PHRASE,profit is,H3276,2,Habakkuk 2:18,Minor Prophets,Old Testament,Habakkuk,NIV
PHRASE,the idol,H6459,2,Habakkuk 2:18,Minor Prophets,Old Testament,Habakkuk,NIV
WORD,when,H3588,2,Habakkuk 2:18,Minor Prophets,Old Testament,Habakkuk,NIV
PHRASE,its maker,H3336,2,Habakkuk 2:18,Minor Prophets,Old Testament,Habakkuk,NIV
PHRASE,"has carved it,",H6458,2,Habakkuk 2:18,Minor Prophets,Old Testament,Habakkuk,NIV
WORD,[Or],,2,Habakkuk 2:18,Minor Prophets,Old Testament,Habakkuk,NIV
PHRASE,"an image,",H4541,2,Habakkuk 2:18,Minor Prophets,Old Testament,Habakkuk,NIV
PHRASE,a teacher,H3384,2,Habakkuk 2:18,Minor Prophets,Old Testament,Habakkuk,NIV
PHRASE,of falsehood?,H8267,2,Habakkuk 2:18,Minor Prophets,Old Testament,Habakkuk,NIV
WORD,For,H3588,2,Habakkuk 2:18,Minor Prophets,Old Testament,Habakkuk,NIV
WORD,[its],,2,Habakkuk 2:18,Minor Prophets,Old Testament,Habakkuk,NIV
WORD,maker,H3335,2,Habakkuk 2:18,Minor Prophets,Old Testament,Habakkuk,NIV
WORD,trusts,H982,2,Habakkuk 2:18,Minor Prophets,Old Testament,Habakkuk,NIV
PHRASE,in his,H3336,2,Habakkuk 2:18,Minor Prophets,Old Testament,Habakkuk,NIV
WORD,[own],,2,Habakkuk 2:18,Minor Prophets,Old Testament,Habakkuk,NIV
WORD,handiwork,H3336,2,Habakkuk 2:18,Minor Prophets,Old Testament,Habakkuk,NIV
WORD,When,H5921,2,Habakkuk 2:18,Minor Prophets,Old Testament,Habakkuk,NIV
PHRASE,he fashions,H6213,2,Habakkuk 2:18,Minor Prophets,Old Testament,Habakkuk,NIV
WORD,speechless,H483,2,Habakkuk 2:18,Minor Prophets,Old Testament,Habakkuk,NIV
WORD,idols.,H457,2,Habakkuk 2:18,Minor Prophets,Old Testament,Habakkuk,NIV
WORD,“Woe,H1945,2,Habakkuk 2:19,Minor Prophets,Old Testament,Habakkuk,NIV
PHRASE,to him who says,H559,2,Habakkuk 2:19,Minor Prophets,Old Testament,Habakkuk,NIV
PHRASE,to a,H6086,2,Habakkuk 2:19,Minor Prophets,Old Testament,Habakkuk,NIV
PHRASE,[piece of],,2,Habakkuk 2:19,Minor Prophets,Old Testament,Habakkuk,NIV
WORD,"wood,",H6086,2,Habakkuk 2:19,Minor Prophets,Old Testament,Habakkuk,NIV
WORD,‘Awake!’,H6974,2,Habakkuk 2:19,Minor Prophets,Old Testament,Habakkuk,NIV
WORD,To,H68,2,Habakkuk 2:19,Minor Prophets,Old Testament,Habakkuk,NIV
PHRASE,a mute,H1748,2,Habakkuk 2:19,Minor Prophets,Old Testament,Habakkuk,NIV
WORD,"stone,",H68,2,Habakkuk 2:19,Minor Prophets,Old Testament,Habakkuk,NIV
WORD,‘Arise!’,H5782,2,Habakkuk 2:19,Minor Prophets,Old Testament,Habakkuk,NIV
WORD,[And],,2,Habakkuk 2:19,Minor Prophets,Old Testament,Habakkuk,NIV
WORD,that,H1931,2,Habakkuk 2:19,Minor Prophets,Old Testament,Habakkuk,NIV
WORD,is,H3384,2,Habakkuk 2:19,Minor Prophets,Old Testament,Habakkuk,NIV
WORD,[your],,2,Habakkuk 2:19,Minor Prophets,Old Testament,Habakkuk,NIV
WORD,teacher?,H3384,2,Habakkuk 2:19,Minor Prophets,Old Testament,Habakkuk,NIV
WORD,"Behold,",H2009,2,Habakkuk 2:19,Minor Prophets,Old Testament,Habakkuk,NIV
WORD,it,H1931,2,Habakkuk 2:19,Minor Prophets,Old Testament,Habakkuk,NIV
PHRASE,is overlaid,H8610,2,Habakkuk 2:19,Minor Prophets,Old Testament,Habakkuk,NIV
PHRASE,with gold,H2091,2,Habakkuk 2:19,Minor Prophets,Old Testament,Habakkuk,NIV
PHRASE,"and silver,",H3701,2,Habakkuk 2:19,Minor Prophets,Old Testament,Habakkuk,NIV
WORD,And,H3605,2,Habakkuk 2:19,Minor Prophets,Old Testament,Habakkuk,NIV
PHRASE,there is no,H369,2,Habakkuk 2:19,Minor Prophets,Old Testament,Habakkuk,NIV
WORD,breath,H7307,2,Habakkuk 2:19,Minor Prophets,Old Testament,Habakkuk,NIV
PHRASE,at all,H3605,2,Habakkuk 2:19,Minor Prophets,Old Testament,Habakkuk,NIV
PHRASE,inside it.,H7130,2,Habakkuk 2:19,Minor Prophets,Old Testament,Habakkuk,NIV
PHRASE,“But the LORD,H3068,2,Habakkuk 2:20,Minor Prophets,Old Testament,Habakkuk,NIV
WORD,is,,2,Habakkuk 2:20,Minor Prophets,Old Testament,Habakkuk,NIV
WORD,in,H1964,2,Habakkuk 2:20,Minor Prophets,Old Testament,Habakkuk,NIV
PHRASE,His holy,H6944,2,Habakkuk 2:20,Minor Prophets,Old Testament,Habakkuk,NIV
WORD,temple.,H1964,2,Habakkuk 2:20,Minor Prophets,Old Testament,Habakkuk,NIV
WORD,Let,H2013,2,Habakkuk 2:20,Minor Prophets,Old Testament,Habakkuk,NIV
WORD,all,H3605,2,Habakkuk 2:20,Minor Prophets,Old Testament,Habakkuk,NIV
PHRASE,the earth,H776,2,Habakkuk 2:20,Minor Prophets,Old Testament,Habakkuk,NIV
PHRASE,be silent,H2013,2,Habakkuk 2:20,Minor Prophets,Old Testament,Habakkuk,NIV
WORD,before,H6440,2,Habakkuk 2:20,Minor Prophets,Old Testament,Habakkuk,NIV
WORD,Him.”,H6440,2,Habakkuk 2:20,Minor Prophets,Old Testament,Habakkuk,NIV
PHRASE,A prayer,H8605,3,Habakkuk 3:1,Minor Prophets,Old Testament,Habakkuk,NIV
PHRASE,of Habakkuk,H2265,3,Habakkuk 3:1,Minor Prophets,Old Testament,Habakkuk,NIV
PHRASE,"the prophet,",H5030,3,Habakkuk 3:1,Minor Prophets,Old Testament,Habakkuk,NIV
PHRASE,according to,H5921,3,Habakkuk 3:1,Minor Prophets,Old Testament,Habakkuk,NIV
WORD,Shigionoth.,H7692,3,Habakkuk 3:1,Minor Prophets,Old Testament,Habakkuk,NIV
WORD,"LORD,",H3068,3,Habakkuk 3:2,Minor Prophets,Old Testament,Habakkuk,NIV
PHRASE,I have heard,H8085,3,Habakkuk 3:2,Minor Prophets,Old Testament,Habakkuk,NIV
PHRASE,the report about You,H8088,3,Habakkuk 3:2,Minor Prophets,Old Testament,Habakkuk,NIV
WORD,[and],,3,Habakkuk 3:2,Minor Prophets,Old Testament,Habakkuk,NIV
PHRASE,I fear.,H3372,3,Habakkuk 3:2,Minor Prophets,Old Testament,Habakkuk,NIV
PHRASE,"O LORD,",H3068,3,Habakkuk 3:2,Minor Prophets,Old Testament,Habakkuk,NIV
WORD,revive,H2421,3,Habakkuk 3:2,Minor Prophets,Old Testament,Habakkuk,NIV
PHRASE,Your work,H6467,3,Habakkuk 3:2,Minor Prophets,Old Testament,Habakkuk,NIV
PHRASE,in the midst,H7130,3,Habakkuk 3:2,Minor Prophets,Old Testament,Habakkuk,NIV
PHRASE,"of the years,",H8141,3,Habakkuk 3:2,Minor Prophets,Old Testament,Habakkuk,NIV
PHRASE,In the midst,H7130,3,Habakkuk 3:2,Minor Prophets,Old Testament,Habakkuk,NIV
PHRASE,of the years,H8141,3,Habakkuk 3:2,Minor Prophets,Old Testament,Habakkuk,NIV
PHRASE,make it known;,H3045,3,Habakkuk 3:2,Minor Prophets,Old Testament,Habakkuk,NIV
PHRASE,In wrath,H7267,3,Habakkuk 3:2,Minor Prophets,Old Testament,Habakkuk,NIV
WORD,remember,H2142,3,Habakkuk 3:2,Minor Prophets,Old Testament,Habakkuk,NIV
WORD,mercy.,H7355,3,Habakkuk 3:2,Minor Prophets,Old Testament,Habakkuk,NIV
WORD,God,H433,3,Habakkuk 3:3,Minor Prophets,Old Testament,Habakkuk,NIV
WORD,comes,H935,3,Habakkuk 3:3,Minor Prophets,Old Testament,Habakkuk,NIV
PHRASE,"from Teman,",H8487,3,Habakkuk 3:3,Minor Prophets,Old Testament,Habakkuk,NIV
PHRASE,And the Holy One,H6918,3,Habakkuk 3:3,Minor Prophets,Old Testament,Habakkuk,NIV
PHRASE,from Mount,H2022,3,Habakkuk 3:3,Minor Prophets,Old Testament,Habakkuk,NIV
WORD,Paran.,H6290,3,Habakkuk 3:3,Minor Prophets,Old Testament,Habakkuk,NIV
WORD,Selah.,H5542,3,Habakkuk 3:3,Minor Prophets,Old Testament,Habakkuk,NIV
PHRASE,His splendor,H1935,3,Habakkuk 3:3,Minor Prophets,Old Testament,Habakkuk,NIV
WORD,covers,H3680,3,Habakkuk 3:3,Minor Prophets,Old Testament,Habakkuk,NIV
PHRASE,"the heavens,",H8064,3,Habakkuk 3:3,Minor Prophets,Old Testament,Habakkuk,NIV
WORD,And,H8416,3,Habakkuk 3:3,Minor Prophets,Old Testament,Habakkuk,NIV
PHRASE,the earth,H776,3,Habakkuk 3:3,Minor Prophets,Old Testament,Habakkuk,NIV
PHRASE,is full,H4390,3,Habakkuk 3:3,Minor Prophets,Old Testament,Habakkuk,NIV
PHRASE,of His praise.,H8416,3,Habakkuk 3:3,Minor Prophets,Old Testament,Habakkuk,NIV
WORD,[His],,3,Habakkuk 3:4,Minor Prophets,Old Testament,Habakkuk,NIV
WORD,radiance,H5051,3,Habakkuk 3:4,Minor Prophets,Old Testament,Habakkuk,NIV
WORD,is,H1961,3,Habakkuk 3:4,Minor Prophets,Old Testament,Habakkuk,NIV
PHRASE,like the sunlight;,H216,3,Habakkuk 3:4,Minor Prophets,Old Testament,Habakkuk,NIV
PHRASE,He has,,3,Habakkuk 3:4,Minor Prophets,Old Testament,Habakkuk,NIV
WORD,rays,H7161,3,Habakkuk 3:4,Minor Prophets,Old Testament,Habakkuk,NIV
WORD,[flashing],,3,Habakkuk 3:4,Minor Prophets,Old Testament,Habakkuk,NIV
PHRASE,"from His hand,",H3027,3,Habakkuk 3:4,Minor Prophets,Old Testament,Habakkuk,NIV
PHRASE,And there,H8033,3,Habakkuk 3:4,Minor Prophets,Old Testament,Habakkuk,NIV
WORD,is,,3,Habakkuk 3:4,Minor Prophets,Old Testament,Habakkuk,NIV
PHRASE,the hiding,H2253,3,Habakkuk 3:4,Minor Prophets,Old Testament,Habakkuk,NIV
PHRASE,of His power.,H5797,3,Habakkuk 3:4,Minor Prophets,Old Testament,Habakkuk,NIV
PHRASE,Before Him,H6440,3,Habakkuk 3:5,Minor Prophets,Old Testament,Habakkuk,NIV
WORD,goes,H3212,3,Habakkuk 3:5,Minor Prophets,Old Testament,Habakkuk,NIV
WORD,"pestilence,",H1698,3,Habakkuk 3:5,Minor Prophets,Old Testament,Habakkuk,NIV
WORD,And,H3318,3,Habakkuk 3:5,Minor Prophets,Old Testament,Habakkuk,NIV
WORD,plague,H7565,3,Habakkuk 3:5,Minor Prophets,Old Testament,Habakkuk,NIV
WORD,comes,H3318,3,Habakkuk 3:5,Minor Prophets,Old Testament,Habakkuk,NIV
PHRASE,after Him.,H7272,3,Habakkuk 3:5,Minor Prophets,Old Testament,Habakkuk,NIV
PHRASE,He stood,H5975,3,Habakkuk 3:6,Minor Prophets,Old Testament,Habakkuk,NIV
PHRASE,and surveyed,H4128,3,Habakkuk 3:6,Minor Prophets,Old Testament,Habakkuk,NIV
PHRASE,the earth;,H776,3,Habakkuk 3:6,Minor Prophets,Old Testament,Habakkuk,NIV
PHRASE,He looked,H7200,3,Habakkuk 3:6,Minor Prophets,Old Testament,Habakkuk,NIV
PHRASE,and startled,H5425,3,Habakkuk 3:6,Minor Prophets,Old Testament,Habakkuk,NIV
PHRASE,the nations.,H1471,3,Habakkuk 3:6,Minor Prophets,Old Testament,Habakkuk,NIV
WORD,"Yes,",H6327,3,Habakkuk 3:6,Minor Prophets,Old Testament,Habakkuk,NIV
WORD,the,H2042,3,Habakkuk 3:6,Minor Prophets,Old Testament,Habakkuk,NIV
WORD,perpetual,H5703,3,Habakkuk 3:6,Minor Prophets,Old Testament,Habakkuk,NIV
WORD,mountains,H2042,3,Habakkuk 3:6,Minor Prophets,Old Testament,Habakkuk,NIV
PHRASE,"were shattered,",H6327,3,Habakkuk 3:6,Minor Prophets,Old Testament,Habakkuk,NIV
WORD,The,H1389,3,Habakkuk 3:6,Minor Prophets,Old Testament,Habakkuk,NIV
WORD,ancient,H5769,3,Habakkuk 3:6,Minor Prophets,Old Testament,Habakkuk,NIV
WORD,hills,H1389,3,Habakkuk 3:6,Minor Prophets,Old Testament,Habakkuk,NIV
WORD,collapsed.,H7817,3,Habakkuk 3:6,Minor Prophets,Old Testament,Habakkuk,NIV
WORD,His,,3,Habakkuk 3:6,Minor Prophets,Old Testament,Habakkuk,NIV
WORD,ways,H1979,3,Habakkuk 3:6,Minor Prophets,Old Testament,Habakkuk,NIV
WORD,are,,3,Habakkuk 3:6,Minor Prophets,Old Testament,Habakkuk,NIV
WORD,everlasting.,H5769,3,Habakkuk 3:6,Minor Prophets,Old Testament,Habakkuk,NIV
PHRASE,I saw,H7200,3,Habakkuk 3:7,Minor Prophets,Old Testament,Habakkuk,NIV
PHRASE,the tents,H168,3,Habakkuk 3:7,Minor Prophets,Old Testament,Habakkuk,NIV
PHRASE,of Cushan,H3572,3,Habakkuk 3:7,Minor Prophets,Old Testament,Habakkuk,NIV
WORD,under,H8478,3,Habakkuk 3:7,Minor Prophets,Old Testament,Habakkuk,NIV
WORD,"distress,",H205,3,Habakkuk 3:7,Minor Prophets,Old Testament,Habakkuk,NIV
PHRASE,The tent curtains,H3407,3,Habakkuk 3:7,Minor Prophets,Old Testament,Habakkuk,NIV
PHRASE,of the land,H776,3,Habakkuk 3:7,Minor Prophets,Old Testament,Habakkuk,NIV
PHRASE,of Midian,H4080,3,Habakkuk 3:7,Minor Prophets,Old Testament,Habakkuk,NIV
PHRASE,were trembling.,H7264,3,Habakkuk 3:7,Minor Prophets,Old Testament,Habakkuk,NIV
WORD,Did,H2734,3,Habakkuk 3:8,Minor Prophets,Old Testament,Habakkuk,NIV
PHRASE,the LORD,H3068,3,Habakkuk 3:8,Minor Prophets,Old Testament,Habakkuk,NIV
WORD,rage,H2734,3,Habakkuk 3:8,Minor Prophets,Old Testament,Habakkuk,NIV
PHRASE,"against the rivers,",H5104,3,Habakkuk 3:8,Minor Prophets,Old Testament,Habakkuk,NIV
WORD,Or,H518,3,Habakkuk 3:8,Minor Prophets,Old Testament,Habakkuk,NIV
WORD,[was],,3,Habakkuk 3:8,Minor Prophets,Old Testament,Habakkuk,NIV
PHRASE,Your anger,H639,3,Habakkuk 3:8,Minor Prophets,Old Testament,Habakkuk,NIV
PHRASE,"against the rivers,",H5104,3,Habakkuk 3:8,Minor Prophets,Old Testament,Habakkuk,NIV
WORD,Or,H518,3,Habakkuk 3:8,Minor Prophets,Old Testament,Habakkuk,NIV
WORD,[was],,3,Habakkuk 3:8,Minor Prophets,Old Testament,Habakkuk,NIV
PHRASE,Your wrath,H5678,3,Habakkuk 3:8,Minor Prophets,Old Testament,Habakkuk,NIV
PHRASE,"against the sea,",H3220,3,Habakkuk 3:8,Minor Prophets,Old Testament,Habakkuk,NIV
WORD,That,H3588,3,Habakkuk 3:8,Minor Prophets,Old Testament,Habakkuk,NIV
PHRASE,You rode,H7392,3,Habakkuk 3:8,Minor Prophets,Old Testament,Habakkuk,NIV
WORD,on,H5921,3,Habakkuk 3:8,Minor Prophets,Old Testament,Habakkuk,NIV
PHRASE,"Your horses,",H5483,3,Habakkuk 3:8,Minor Prophets,Old Testament,Habakkuk,NIV
PHRASE,On Your chariots,H4818,3,Habakkuk 3:8,Minor Prophets,Old Testament,Habakkuk,NIV
PHRASE,of salvation?,H3444,3,Habakkuk 3:8,Minor Prophets,Old Testament,Habakkuk,NIV
PHRASE,Your bow,H7198,3,Habakkuk 3:9,Minor Prophets,Old Testament,Habakkuk,NIV
PHRASE,"was made bare,",H5783,3,Habakkuk 3:9,Minor Prophets,Old Testament,Habakkuk,NIV
PHRASE,The rods,H4294,3,Habakkuk 3:9,Minor Prophets,Old Testament,Habakkuk,NIV
PHRASE,of chastisement,H562,3,Habakkuk 3:9,Minor Prophets,Old Testament,Habakkuk,NIV
WORD,were,,3,Habakkuk 3:9,Minor Prophets,Old Testament,Habakkuk,NIV
WORD,sworn.,H7621,3,Habakkuk 3:9,Minor Prophets,Old Testament,Habakkuk,NIV
WORD,Selah.,H5542,3,Habakkuk 3:9,Minor Prophets,Old Testament,Habakkuk,NIV
PHRASE,You cleaved,H1234,3,Habakkuk 3:9,Minor Prophets,Old Testament,Habakkuk,NIV
PHRASE,the earth,H776,3,Habakkuk 3:9,Minor Prophets,Old Testament,Habakkuk,NIV
PHRASE,with rivers.,H5104,3,Habakkuk 3:9,Minor Prophets,Old Testament,Habakkuk,NIV
PHRASE,The mountains,H2022,3,Habakkuk 3:10,Minor Prophets,Old Testament,Habakkuk,NIV
PHRASE,saw You,H7200,3,Habakkuk 3:10,Minor Prophets,Old Testament,Habakkuk,NIV
WORD,[and],,3,Habakkuk 3:10,Minor Prophets,Old Testament,Habakkuk,NIV
WORD,quaked;,H2342,3,Habakkuk 3:10,Minor Prophets,Old Testament,Habakkuk,NIV
PHRASE,The downpour,H2230,3,Habakkuk 3:10,Minor Prophets,Old Testament,Habakkuk,NIV
PHRASE,of waters,H4325,3,Habakkuk 3:10,Minor Prophets,Old Testament,Habakkuk,NIV
PHRASE,swept by.,H5674,3,Habakkuk 3:10,Minor Prophets,Old Testament,Habakkuk,NIV
PHRASE,The deep,H8415,3,Habakkuk 3:10,Minor Prophets,Old Testament,Habakkuk,NIV
PHRASE,uttered forth,H5414,3,Habakkuk 3:10,Minor Prophets,Old Testament,Habakkuk,NIV
PHRASE,"its voice,",H6963,3,Habakkuk 3:10,Minor Prophets,Old Testament,Habakkuk,NIV
PHRASE,It lifted,H5375,3,Habakkuk 3:10,Minor Prophets,Old Testament,Habakkuk,NIV
WORD,high,H7315,3,Habakkuk 3:10,Minor Prophets,Old Testament,Habakkuk,NIV
PHRASE,its hands.,H3027,3,Habakkuk 3:10,Minor Prophets,Old Testament,Habakkuk,NIV
WORD,Sun,H8121,3,Habakkuk 3:11,Minor Prophets,Old Testament,Habakkuk,NIV
WORD,[and],,3,Habakkuk 3:11,Minor Prophets,Old Testament,Habakkuk,NIV
WORD,moon,H3394,3,Habakkuk 3:11,Minor Prophets,Old Testament,Habakkuk,NIV
WORD,stood,H5975,3,Habakkuk 3:11,Minor Prophets,Old Testament,Habakkuk,NIV
PHRASE,in their places;,H2073,3,Habakkuk 3:11,Minor Prophets,Old Testament,Habakkuk,NIV
PHRASE,They went away,H1980,3,Habakkuk 3:11,Minor Prophets,Old Testament,Habakkuk,NIV
PHRASE,at the light,H216,3,Habakkuk 3:11,Minor Prophets,Old Testament,Habakkuk,NIV
PHRASE,"of Your arrows,",H2671,3,Habakkuk 3:11,Minor Prophets,Old Testament,Habakkuk,NIV
PHRASE,At the radiance,H5051,3,Habakkuk 3:11,Minor Prophets,Old Testament,Habakkuk,NIV
WORD,of,H1300,3,Habakkuk 3:11,Minor Prophets,Old Testament,Habakkuk,NIV
WORD,Your,H2595,3,Habakkuk 3:11,Minor Prophets,Old Testament,Habakkuk,NIV
WORD,gleaming,H1300,3,Habakkuk 3:11,Minor Prophets,Old Testament,Habakkuk,NIV
WORD,spear.,H2595,3,Habakkuk 3:11,Minor Prophets,Old Testament,Habakkuk,NIV
PHRASE,In indignation,H2195,3,Habakkuk 3:12,Minor Prophets,Old Testament,Habakkuk,NIV
PHRASE,You marched through,H6805,3,Habakkuk 3:12,Minor Prophets,Old Testament,Habakkuk,NIV
PHRASE,the earth;,H776,3,Habakkuk 3:12,Minor Prophets,Old Testament,Habakkuk,NIV
PHRASE,In anger,H639,3,Habakkuk 3:12,Minor Prophets,Old Testament,Habakkuk,NIV
PHRASE,You trampled,H1758,3,Habakkuk 3:12,Minor Prophets,Old Testament,Habakkuk,NIV
PHRASE,the nations.,H1471,3,Habakkuk 3:12,Minor Prophets,Old Testament,Habakkuk,NIV
PHRASE,You went forth,H3318,3,Habakkuk 3:13,Minor Prophets,Old Testament,Habakkuk,NIV
PHRASE,for the salvation,H3468,3,Habakkuk 3:13,Minor Prophets,Old Testament,Habakkuk,NIV
PHRASE,"of Your people,",H5971,3,Habakkuk 3:13,Minor Prophets,Old Testament,Habakkuk,NIV
PHRASE,For the salvation,H3468,3,Habakkuk 3:13,Minor Prophets,Old Testament,Habakkuk,NIV
PHRASE,of Your anointed.,H4899,3,Habakkuk 3:13,Minor Prophets,Old Testament,Habakkuk,NIV
PHRASE,You struck,H4272,3,Habakkuk 3:13,Minor Prophets,Old Testament,Habakkuk,NIV
PHRASE,the head,H7218,3,Habakkuk 3:13,Minor Prophets,Old Testament,Habakkuk,NIV
PHRASE,of the house,H1004,3,Habakkuk 3:13,Minor Prophets,Old Testament,Habakkuk,NIV
PHRASE,of the evil,H7563,3,Habakkuk 3:13,Minor Prophets,Old Testament,Habakkuk,NIV
PHRASE,To lay him open,H6168,3,Habakkuk 3:13,Minor Prophets,Old Testament,Habakkuk,NIV
PHRASE,from thigh,H3247,3,Habakkuk 3:13,Minor Prophets,Old Testament,Habakkuk,NIV
WORD,to,H5704,3,Habakkuk 3:13,Minor Prophets,Old Testament,Habakkuk,NIV
WORD,neck.,H6677,3,Habakkuk 3:13,Minor Prophets,Old Testament,Habakkuk,NIV
WORD,Selah.,H5542,3,Habakkuk 3:13,Minor Prophets,Old Testament,Habakkuk,NIV
PHRASE,You pierced,H5344,3,Habakkuk 3:14,Minor Prophets,Old Testament,Habakkuk,NIV
PHRASE,with his own spears,H4294,3,Habakkuk 3:14,Minor Prophets,Old Testament,Habakkuk,NIV
PHRASE,The head,H7218,3,Habakkuk 3:14,Minor Prophets,Old Testament,Habakkuk,NIV
PHRASE,of his throngs.,H6518,3,Habakkuk 3:14,Minor Prophets,Old Testament,Habakkuk,NIV
PHRASE,They stormed,H5590,3,Habakkuk 3:14,Minor Prophets,Old Testament,Habakkuk,NIV
PHRASE,in to scatter us;,H6327,3,Habakkuk 3:14,Minor Prophets,Old Testament,Habakkuk,NIV
PHRASE,Their exultation,H5951,3,Habakkuk 3:14,Minor Prophets,Old Testament,Habakkuk,NIV
WORD,[was],,3,Habakkuk 3:14,Minor Prophets,Old Testament,Habakkuk,NIV
WORD,like,H3644,3,Habakkuk 3:14,Minor Prophets,Old Testament,Habakkuk,NIV
PHRASE,those Who devour,H398,3,Habakkuk 3:14,Minor Prophets,Old Testament,Habakkuk,NIV
PHRASE,the oppressed,H6041,3,Habakkuk 3:14,Minor Prophets,Old Testament,Habakkuk,NIV
PHRASE,in secret.,H4565,3,Habakkuk 3:14,Minor Prophets,Old Testament,Habakkuk,NIV
PHRASE,You trampled,H1869,3,Habakkuk 3:15,Minor Prophets,Old Testament,Habakkuk,NIV
PHRASE,on the sea,H3220,3,Habakkuk 3:15,Minor Prophets,Old Testament,Habakkuk,NIV
PHRASE,"with Your horses,",H5483,3,Habakkuk 3:15,Minor Prophets,Old Testament,Habakkuk,NIV
PHRASE,On the surge,H2563,3,Habakkuk 3:15,Minor Prophets,Old Testament,Habakkuk,NIV
WORD,of,H4325,3,Habakkuk 3:15,Minor Prophets,Old Testament,Habakkuk,NIV
WORD,many,H7227,3,Habakkuk 3:15,Minor Prophets,Old Testament,Habakkuk,NIV
WORD,waters.,H4325,3,Habakkuk 3:15,Minor Prophets,Old Testament,Habakkuk,NIV
PHRASE,I heard,H8085,3,Habakkuk 3:16,Minor Prophets,Old Testament,Habakkuk,NIV
WORD,and,H7264,3,Habakkuk 3:16,Minor Prophets,Old Testament,Habakkuk,NIV
PHRASE,my inward parts,H990,3,Habakkuk 3:16,Minor Prophets,Old Testament,Habakkuk,NIV
WORD,"trembled,",H7264,3,Habakkuk 3:16,Minor Prophets,Old Testament,Habakkuk,NIV
PHRASE,At the sound,H6963,3,Habakkuk 3:16,Minor Prophets,Old Testament,Habakkuk,NIV
PHRASE,my lips,H8193,3,Habakkuk 3:16,Minor Prophets,Old Testament,Habakkuk,NIV
WORD,quivered.,H6750,3,Habakkuk 3:16,Minor Prophets,Old Testament,Habakkuk,NIV
WORD,Decay,H7538,3,Habakkuk 3:16,Minor Prophets,Old Testament,Habakkuk,NIV
WORD,enters,H935,3,Habakkuk 3:16,Minor Prophets,Old Testament,Habakkuk,NIV
PHRASE,"my bones,",H6106,3,Habakkuk 3:16,Minor Prophets,Old Testament,Habakkuk,NIV
PHRASE,And in my place,H8478,3,Habakkuk 3:16,Minor Prophets,Old Testament,Habakkuk,NIV
PHRASE,I tremble.,H7264,3,Habakkuk 3:16,Minor Prophets,Old Testament,Habakkuk,NIV
WORD,Because,H834,3,Habakkuk 3:16,Minor Prophets,Old Testament,Habakkuk,NIV
PHRASE,I must wait quietly,H5117,3,Habakkuk 3:16,Minor Prophets,Old Testament,Habakkuk,NIV
PHRASE,for the day,H3117,3,Habakkuk 3:16,Minor Prophets,Old Testament,Habakkuk,NIV
PHRASE,"of distress,",H6869,3,Habakkuk 3:16,Minor Prophets,Old Testament,Habakkuk,NIV
WORD,For,H5927,3,Habakkuk 3:16,Minor Prophets,Old Testament,Habakkuk,NIV
PHRASE,the people,H5971,3,Habakkuk 3:16,Minor Prophets,Old Testament,Habakkuk,NIV
PHRASE,to arise,H5927,3,Habakkuk 3:16,Minor Prophets,Old Testament,Habakkuk,NIV
WORD,[who],,3,Habakkuk 3:16,Minor Prophets,Old Testament,Habakkuk,NIV
PHRASE,will invade us.,H1464,3,Habakkuk 3:16,Minor Prophets,Old Testament,Habakkuk,NIV
WORD,Though,H3588,3,Habakkuk 3:17,Minor Prophets,Old Testament,Habakkuk,NIV
PHRASE,the fig tree,H8384,3,Habakkuk 3:17,Minor Prophets,Old Testament,Habakkuk,NIV
WORD,should,H6524,3,Habakkuk 3:17,Minor Prophets,Old Testament,Habakkuk,NIV
WORD,not,H3808,3,Habakkuk 3:17,Minor Prophets,Old Testament,Habakkuk,NIV
WORD,blossom,H6524,3,Habakkuk 3:17,Minor Prophets,Old Testament,Habakkuk,NIV
PHRASE,And there be no,H369,3,Habakkuk 3:17,Minor Prophets,Old Testament,Habakkuk,NIV
WORD,fruit,H2981,3,Habakkuk 3:17,Minor Prophets,Old Testament,Habakkuk,NIV
PHRASE,"on the vines,",H1612,3,Habakkuk 3:17,Minor Prophets,Old Testament,Habakkuk,NIV
WORD,[Though],,3,Habakkuk 3:17,Minor Prophets,Old Testament,Habakkuk,NIV
PHRASE,the yield,H4639,3,Habakkuk 3:17,Minor Prophets,Old Testament,Habakkuk,NIV
PHRASE,of the olive,H2132,3,Habakkuk 3:17,Minor Prophets,Old Testament,Habakkuk,NIV
PHRASE,should fail,H3584,3,Habakkuk 3:17,Minor Prophets,Old Testament,Habakkuk,NIV
PHRASE,And the fields,H7709,3,Habakkuk 3:17,Minor Prophets,Old Testament,Habakkuk,NIV
WORD,produce,H6213,3,Habakkuk 3:17,Minor Prophets,Old Testament,Habakkuk,NIV
WORD,no,H3808,3,Habakkuk 3:17,Minor Prophets,Old Testament,Habakkuk,NIV
WORD,"food,",H400,3,Habakkuk 3:17,Minor Prophets,Old Testament,Habakkuk,NIV
WORD,Though,,3,Habakkuk 3:17,Minor Prophets,Old Testament,Habakkuk,NIV
PHRASE,the flock,H6629,3,Habakkuk 3:17,Minor Prophets,Old Testament,Habakkuk,NIV
PHRASE,should be cut off,H1504,3,Habakkuk 3:17,Minor Prophets,Old Testament,Habakkuk,NIV
PHRASE,from the fold,H4356,3,Habakkuk 3:17,Minor Prophets,Old Testament,Habakkuk,NIV
PHRASE,And there be no,H369,3,Habakkuk 3:17,Minor Prophets,Old Testament,Habakkuk,NIV
WORD,cattle,H1241,3,Habakkuk 3:17,Minor Prophets,Old Testament,Habakkuk,NIV
PHRASE,"in the stalls,",H7517,3,Habakkuk 3:17,Minor Prophets,Old Testament,Habakkuk,NIV
PHRASE,Yet I,H589,3,Habakkuk 3:18,Minor Prophets,Old Testament,Habakkuk,NIV
PHRASE,will exult,H5937,3,Habakkuk 3:18,Minor Prophets,Old Testament,Habakkuk,NIV
PHRASE,"in the LORD,",H3068,3,Habakkuk 3:18,Minor Prophets,Old Testament,Habakkuk,NIV
PHRASE,I will rejoice,H1523,3,Habakkuk 3:18,Minor Prophets,Old Testament,Habakkuk,NIV
PHRASE,in the God,H430,3,Habakkuk 3:18,Minor Prophets,Old Testament,Habakkuk,NIV
PHRASE,of my salvation.,H3468,3,Habakkuk 3:18,Minor Prophets,Old Testament,Habakkuk,NIV
PHRASE,The Lord,H136,3,Habakkuk 3:19,Minor Prophets,Old Testament,Habakkuk,NIV
WORD,GOD,H3069,3,Habakkuk 3:19,Minor Prophets,Old Testament,Habakkuk,NIV
WORD,is,,3,Habakkuk 3:19,Minor Prophets,Old Testament,Habakkuk,NIV
PHRASE,"my strength,",H2428,3,Habakkuk 3:19,Minor Prophets,Old Testament,Habakkuk,NIV
PHRASE,And He has made,H7760,3,Habakkuk 3:19,Minor Prophets,Old Testament,Habakkuk,NIV
PHRASE,my feet,H7272,3,Habakkuk 3:19,Minor Prophets,Old Testament,Habakkuk,NIV
PHRASE,like hinds’,H355,3,Habakkuk 3:19,Minor Prophets,Old Testament,Habakkuk,NIV
WORD,"[feet],",,3,Habakkuk 3:19,Minor Prophets,Old Testament,Habakkuk,NIV
WORD,And,H5921,3,Habakkuk 3:19,Minor Prophets,Old Testament,Habakkuk,NIV
PHRASE,makes me walk,H1869,3,Habakkuk 3:19,Minor Prophets,Old Testament,Habakkuk,NIV
WORD,on,H5921,3,Habakkuk 3:19,Minor Prophets,Old Testament,Habakkuk,NIV
PHRASE,my high places.,H1116,3,Habakkuk 3:19,Minor Prophets,Old Testament,Habakkuk,NIV
PHRASE,"For the choir director,",H5329,3,Habakkuk 3:19,Minor Prophets,Old Testament,Habakkuk,NIV
PHRASE,on my stringed instruments.,H5058,3,Habakkuk 3:19,Minor Prophets,Old Testament,Habakkuk,NIV
